Date,Adj Close
2022-02-09 03:00:00+00:00,43447.78125
2022-02-09 03:30:00+00:00,43375.484375
2022-02-09 04:00:00+00:00,43501.90625
2022-02-09 04:30:00+00:00,43523.015625
2022-02-09 05:00:00+00:00,43350.76171875
2022-02-09 05:30:00+00:00,43640.45703125
2022-02-09 06:00:00+00:00,43710.96484375
2022-02-09 06:30:00+00:00,43730.0234375
2022-02-09 07:00:00+00:00,43582.8359375
2022-02-09 07:30:00+00:00,43733.984375
2022-02-09 08:00:00+00:00,43364.609375
2022-02-09 08:30:00+00:00,43480.22265625
2022-02-09 09:00:00+00:00,43552.53125
2022-02-09 09:30:00+00:00,43438.390625
2022-02-09 10:00:00+00:00,43677.96484375
2022-02-09 10:30:00+00:00,43553.4609375
2022-02-09 11:00:00+00:00,43521.8671875
2022-02-09 11:30:00+00:00,43752.32421875
2022-02-09 12:00:00+00:00,43827.50390625
2022-02-09 12:30:00+00:00,44121.796875
2022-02-09 13:00:00+00:00,44254.6171875
2022-02-09 13:30:00+00:00,44023.25
2022-02-09 14:00:00+00:00,44012.77734375
2022-02-09 14:30:00+00:00,44115.6484375
2022-02-09 15:00:00+00:00,44035.1640625
2022-02-09 15:30:00+00:00,43900.93359375
2022-02-09 16:00:00+00:00,43839.99609375
2022-02-09 16:30:00+00:00,44084.46484375
2022-02-09 17:00:00+00:00,44215.40625
2022-02-09 17:30:00+00:00,44060.48828125
2022-02-09 18:00:00+00:00,43985.66796875
2022-02-09 18:30:00+00:00,44118.31640625
2022-02-09 19:00:00+00:00,44447.9140625
2022-02-09 19:30:00+00:00,44518.0234375
2022-02-09 20:00:00+00:00,44501.3671875
2022-02-09 20:30:00+00:00,44715.96875
2022-02-09 21:00:00+00:00,44636.28515625
2022-02-09 21:30:00+00:00,44493.63671875
2022-02-09 22:00:00+00:00,44358.21875
2022-02-09 22:30:00+00:00,44574.6328125
2022-02-09 23:00:00+00:00,44403.40234375
2022-02-09 23:30:00+00:00,44319.515625
2022-02-10 00:00:00+00:00,44138.1171875
2022-02-10 00:30:00+00:00,44138.3125
2022-02-10 01:00:00+00:00,44218.8203125
2022-02-10 01:30:00+00:00,44244.9921875
2022-02-10 02:00:00+00:00,44298.09765625
2022-02-10 02:30:00+00:00,44027.07421875
2022-02-10 03:00:00+00:00,43806.3046875
2022-02-10 03:30:00+00:00,43819.7734375
2022-02-10 04:00:00+00:00,43864.0
2022-02-10 04:30:00+00:00,43810.52734375
2022-02-10 05:00:00+00:00,43858.15234375
2022-02-10 05:30:00+00:00,43896.7578125
2022-02-10 06:00:00+00:00,43859.953125
2022-02-10 06:30:00+00:00,43976.47265625
2022-02-10 07:00:00+00:00,44004.0078125
2022-02-10 07:30:00+00:00,44079.25
2022-02-10 08:00:00+00:00,44165.09375
2022-02-10 08:30:00+00:00,44236.98828125
2022-02-10 09:00:00+00:00,44381.54296875
2022-02-10 09:30:00+00:00,44376.6875
2022-02-10 10:00:00+00:00,44642.16015625
2022-02-10 10:30:00+00:00,44594.93359375
2022-02-10 11:00:00+00:00,44828.1875
2022-02-10 11:30:00+00:00,44848.828125
2022-02-10 12:00:00+00:00,44747.76171875
2022-02-10 12:30:00+00:00,44821.2421875
2022-02-10 13:00:00+00:00,44902.4375
2022-02-10 13:30:00+00:00,43804.69921875
2022-02-10 14:00:00+00:00,43562.1328125
2022-02-10 14:30:00+00:00,43936.50390625
2022-02-10 15:00:00+00:00,44948.42578125
2022-02-10 15:30:00+00:00,44913.85546875
2022-02-10 16:00:00+00:00,45261.2578125
2022-02-10 16:30:00+00:00,45387.26171875
2022-02-10 17:00:00+00:00,45571.29296875
2022-02-10 17:30:00+00:00,45261.6328125
2022-02-10 18:00:00+00:00,45042.07421875
2022-02-10 18:30:00+00:00,45112.77734375
2022-02-10 19:00:00+00:00,44706.75
2022-02-10 19:30:00+00:00,44487.0078125
2022-02-10 20:00:00+00:00,44239.0859375
2022-02-10 20:30:00+00:00,44141.9609375
2022-02-10 21:00:00+00:00,44167.375
2022-02-10 21:30:00+00:00,43835.6171875
2022-02-10 22:00:00+00:00,43950.8828125
2022-02-10 22:30:00+00:00,43901.69921875
2022-02-10 23:00:00+00:00,43890.8359375
2022-02-10 23:30:00+00:00,43575.10546875
2022-02-11 00:00:00+00:00,43046.140625
2022-02-11 00:30:00+00:00,43031.4375
2022-02-11 01:00:00+00:00,43448.54296875
2022-02-11 01:30:00+00:00,43199.3671875
2022-02-11 02:00:00+00:00,42985.3984375
2022-02-11 02:30:00+00:00,43131.625
2022-02-11 03:00:00+00:00,43204.859375
2022-02-11 03:30:00+00:00,43380.65234375
2022-02-11 04:00:00+00:00,43175.4375
2022-02-11 04:30:00+00:00,43114.6171875
2022-02-11 05:00:00+00:00,43033.6015625
2022-02-11 05:30:00+00:00,42959.60546875
2022-02-11 06:00:00+00:00,43146.984375
2022-02-11 06:30:00+00:00,43273.71875
2022-02-11 07:00:00+00:00,43318.421875
2022-02-11 07:30:00+00:00,43434.25
2022-02-11 08:00:00+00:00,43500.8359375
2022-02-11 08:30:00+00:00,43354.01953125
2022-02-11 09:00:00+00:00,43536.01953125
2022-02-11 09:30:00+00:00,43599.09375
2022-02-11 10:00:00+00:00,43374.7734375
2022-02-11 10:30:00+00:00,43518.3125
2022-02-11 11:00:00+00:00,43437.265625
2022-02-11 11:30:00+00:00,43382.33984375
2022-02-11 12:00:00+00:00,43644.40625
2022-02-11 12:30:00+00:00,43605.00390625
2022-02-11 13:00:00+00:00,43732.96484375
2022-02-11 13:30:00+00:00,43806.80078125
2022-02-11 14:00:00+00:00,43649.8984375
2022-02-11 14:30:00+00:00,43631.3359375
2022-02-11 15:00:00+00:00,43688.36328125
2022-02-11 15:30:00+00:00,43737.171875
2022-02-11 16:00:00+00:00,43611.03515625
2022-02-11 16:30:00+00:00,43622.69921875
2022-02-11 17:00:00+00:00,43533.84765625
2022-02-11 17:30:00+00:00,43464.109375
2022-02-11 18:00:00+00:00,43453.4921875
2022-02-11 18:30:00+00:00,42770.42578125
2022-02-11 19:00:00+00:00,42531.03125
2022-02-11 19:30:00+00:00,42783.94140625
2022-02-11 20:00:00+00:00,42383.73828125
2022-02-11 20:30:00+00:00,42484.98046875
2022-02-11 21:00:00+00:00,42613.77734375
2022-02-11 21:30:00+00:00,42577.14453125
2022-02-11 22:00:00+00:00,42289.05859375
2022-02-11 22:30:00+00:00,42164.8671875
2022-02-11 23:00:00+00:00,42369.046875
2022-02-11 23:30:00+00:00,42412.67578125
2022-02-12 00:00:00+00:00,42352.8828125
2022-02-12 00:30:00+00:00,42350.46875
2022-02-12 01:00:00+00:00,42415.67578125
2022-02-12 01:30:00+00:00,42464.8984375
2022-02-12 02:00:00+00:00,42405.08984375
2022-02-12 02:30:00+00:00,42444.69921875
2022-02-12 03:00:00+00:00,42305.60546875
2022-02-12 03:30:00+00:00,42339.578125
2022-02-12 04:00:00+00:00,42421.95703125
2022-02-12 04:30:00+00:00,42339.390625
2022-02-12 05:00:00+00:00,42337.52734375
2022-02-12 05:30:00+00:00,42297.8203125
2022-02-12 06:00:00+00:00,42190.16796875
2022-02-12 06:30:00+00:00,42102.11328125
2022-02-12 07:00:00+00:00,42197.09375
2022-02-12 07:30:00+00:00,42150.94140625
2022-02-12 08:00:00+00:00,42270.48046875
2022-02-12 08:30:00+00:00,42325.33203125
2022-02-12 09:00:00+00:00,42358.89453125
2022-02-12 09:30:00+00:00,42429.41015625
2022-02-12 10:00:00+00:00,42338.00390625
2022-02-12 10:30:00+00:00,42242.5703125
2022-02-12 11:00:00+00:00,42201.18359375
2022-02-12 11:30:00+00:00,42400.79296875
2022-02-12 12:00:00+00:00,42373.26171875
2022-02-12 12:30:00+00:00,42286.03515625
2022-02-12 13:00:00+00:00,42337.6484375
2022-02-12 13:30:00+00:00,42167.28515625
2022-02-12 14:00:00+00:00,42165.01953125
2022-02-12 14:30:00+00:00,42141.18359375
2022-02-12 15:00:00+00:00,42019.0859375
2022-02-12 15:30:00+00:00,42158.4921875
2022-02-12 16:00:00+00:00,42395.83203125
2022-02-12 16:30:00+00:00,42738.2265625
2022-02-12 17:00:00+00:00,42682.8515625
2022-02-12 17:30:00+00:00,42751.015625
2022-02-12 18:00:00+00:00,42901.19140625
2022-02-12 18:30:00+00:00,42862.4453125
2022-02-12 19:00:00+00:00,42809.40625
2022-02-12 19:30:00+00:00,42690.90625
2022-02-12 20:00:00+00:00,42678.68359375
2022-02-12 20:30:00+00:00,42651.9453125
2022-02-12 21:00:00+00:00,42484.5546875
2022-02-12 21:30:00+00:00,41902.2578125
2022-02-12 22:00:00+00:00,42014.046875
2022-02-12 22:30:00+00:00,42160.72265625
2022-02-12 23:00:00+00:00,42214.28125
2022-02-12 23:30:00+00:00,42240.99609375
2022-02-13 00:00:00+00:00,42209.76953125
2022-02-13 00:30:00+00:00,42417.7578125
2022-02-13 01:00:00+00:00,42447.83984375
2022-02-13 01:30:00+00:00,42291.2890625
2022-02-13 02:00:00+00:00,42212.62109375
2022-02-13 02:30:00+00:00,42227.265625
2022-02-13 03:00:00+00:00,42197.71484375
2022-02-13 03:30:00+00:00,42274.015625
2022-02-13 04:00:00+00:00,42299.109375
2022-02-13 04:30:00+00:00,42226.34765625
2022-02-13 05:00:00+00:00,42227.921875
2022-02-13 05:30:00+00:00,42299.27734375
2022-02-13 06:00:00+00:00,42279.15234375
2022-02-13 06:30:00+00:00,42396.953125
2022-02-13 07:00:00+00:00,42392.1640625
2022-02-13 07:30:00+00:00,42427.87890625
2022-02-13 08:00:00+00:00,42445.48046875
2022-02-13 08:30:00+00:00,42448.66015625
2022-02-13 09:00:00+00:00,42400.48046875
2022-02-13 09:30:00+00:00,42352.01953125
2022-02-13 10:00:00+00:00,42360.51953125
2022-02-13 10:30:00+00:00,42594.48046875
2022-02-13 11:00:00+00:00,42598.2578125
2022-02-13 11:30:00+00:00,42502.1328125
2022-02-13 12:00:00+00:00,42600.99609375
2022-02-13 12:30:00+00:00,42518.765625
2022-02-13 13:00:00+00:00,42566.76953125
2022-02-13 13:30:00+00:00,42527.75390625
2022-02-13 14:00:00+00:00,42540.40625
2022-02-13 14:30:00+00:00,42462.7734375
2022-02-13 15:00:00+00:00,42596.27734375
2022-02-13 15:30:00+00:00,42610.15625
2022-02-13 16:00:00+00:00,42324.3125
2022-02-13 16:30:00+00:00,42329.32421875
2022-02-13 17:00:00+00:00,42248.78125
2022-02-13 17:30:00+00:00,42248.30859375
2022-02-13 18:00:00+00:00,42316.50390625
2022-02-13 18:30:00+00:00,42004.06640625
2022-02-13 19:00:00+00:00,42115.3984375
2022-02-13 19:30:00+00:00,42034.1796875
2022-02-13 20:00:00+00:00,42313.02734375
2022-02-13 20:30:00+00:00,42313.87109375
2022-02-13 21:00:00+00:00,42282.55078125
2022-02-13 21:30:00+00:00,42250.7265625
2022-02-13 22:00:00+00:00,42353.828125
2022-02-13 22:30:00+00:00,42341.609375
2022-02-13 23:00:00+00:00,42222.22265625
2022-02-13 23:30:00+00:00,42230.61328125
2022-02-14 00:00:00+00:00,42067.5
2022-02-14 00:30:00+00:00,42109.94921875
2022-02-14 01:00:00+00:00,41956.10546875
2022-02-14 01:30:00+00:00,41716.1015625
2022-02-14 02:00:00+00:00,41767.12890625
2022-02-14 02:30:00+00:00,41740.640625
2022-02-14 03:00:00+00:00,41909.109375
2022-02-14 03:30:00+00:00,41928.51171875
2022-02-14 04:00:00+00:00,41939.69921875
2022-02-14 04:30:00+00:00,41966.41796875
2022-02-14 05:00:00+00:00,41919.765625
2022-02-14 05:30:00+00:00,41820.375
2022-02-14 06:00:00+00:00,41918.90625
2022-02-14 06:30:00+00:00,42175.421875
2022-02-14 07:00:00+00:00,42170.4296875
2022-02-14 07:30:00+00:00,42297.5234375
2022-02-14 08:00:00+00:00,42259.39453125
2022-02-14 08:30:00+00:00,42098.1640625
2022-02-14 09:00:00+00:00,42138.81640625
2022-02-14 09:30:00+00:00,42091.8828125
2022-02-14 10:00:00+00:00,42190.05859375
2022-02-14 10:30:00+00:00,42229.33984375
2022-02-14 11:00:00+00:00,42233.0
2022-02-14 11:30:00+00:00,42154.453125
2022-02-14 12:00:00+00:00,42071.02734375
2022-02-14 12:30:00+00:00,42530.73046875
2022-02-14 13:00:00+00:00,42599.18359375
2022-02-14 13:30:00+00:00,42537.796875
2022-02-14 14:00:00+00:00,42685.92578125
2022-02-14 14:30:00+00:00,42595.69921875
2022-02-14 15:00:00+00:00,42495.0703125
2022-02-14 15:30:00+00:00,42597.015625
2022-02-14 16:00:00+00:00,42752.18359375
2022-02-14 16:30:00+00:00,42672.41796875
2022-02-14 17:00:00+00:00,42687.6640625
2022-02-14 17:30:00+00:00,42604.703125
2022-02-14 18:00:00+00:00,42536.6640625
2022-02-14 18:30:00+00:00,42325.3828125
2022-02-14 19:00:00+00:00,41943.4453125
2022-02-14 19:30:00+00:00,42102.5546875
2022-02-14 20:00:00+00:00,42154.875
2022-02-14 20:30:00+00:00,42228.01953125
2022-02-14 21:00:00+00:00,42168.046875
2022-02-14 21:30:00+00:00,42280.01953125
2022-02-14 22:00:00+00:00,42678.96484375
2022-02-14 22:30:00+00:00,42646.9453125
2022-02-14 23:00:00+00:00,42703.8203125
2022-02-14 23:30:00+00:00,42586.90234375
2022-02-15 00:00:00+00:00,42616.27734375
2022-02-15 00:30:00+00:00,42544.171875
2022-02-15 01:00:00+00:00,42751.890625
2022-02-15 01:30:00+00:00,43449.15625
2022-02-15 02:00:00+00:00,43463.8046875
2022-02-15 02:30:00+00:00,43562.5546875
2022-02-15 03:00:00+00:00,43577.53125
2022-02-15 03:30:00+00:00,43611.56640625
2022-02-15 04:00:00+00:00,43586.25
2022-02-15 04:30:00+00:00,43507.28125
2022-02-15 05:00:00+00:00,43567.52734375
2022-02-15 05:30:00+00:00,43589.609375
2022-02-15 06:00:00+00:00,43597.1953125
2022-02-15 06:30:00+00:00,43572.56640625
2022-02-15 07:00:00+00:00,43607.625
2022-02-15 07:30:00+00:00,43716.9375
2022-02-15 08:00:00+00:00,43857.3515625
2022-02-15 08:30:00+00:00,43955.4453125
2022-02-15 09:00:00+00:00,43912.49609375
2022-02-15 09:30:00+00:00,44043.27734375
2022-02-15 10:00:00+00:00,44143.1875
2022-02-15 10:30:00+00:00,44257.73828125
2022-02-15 11:00:00+00:00,44194.359375
2022-02-15 11:30:00+00:00,44299.6328125
2022-02-15 12:00:00+00:00,44212.9609375
2022-02-15 12:30:00+00:00,44217.60546875
2022-02-15 13:00:00+00:00,44171.95703125
2022-02-15 13:30:00+00:00,44270.421875
2022-02-15 14:00:00+00:00,44340.89453125
2022-02-15 14:30:00+00:00,44323.74609375
2022-02-15 15:00:00+00:00,44201.78125
2022-02-15 15:30:00+00:00,44251.328125
2022-02-15 16:00:00+00:00,44119.53515625
2022-02-15 16:30:00+00:00,44117.0234375
2022-02-15 17:00:00+00:00,43941.90625
2022-02-15 17:30:00+00:00,43958.26171875
2022-02-15 18:00:00+00:00,44095.6875
2022-02-15 18:30:00+00:00,44124.61328125
2022-02-15 19:00:00+00:00,44050.73046875
2022-02-15 19:30:00+00:00,44003.90234375
2022-02-15 20:00:00+00:00,44127.93359375
2022-02-15 20:30:00+00:00,44109.3125
2022-02-15 21:00:00+00:00,44030.54296875
2022-02-15 21:30:00+00:00,43997.40234375
2022-02-15 22:00:00+00:00,44158.83203125
2022-02-15 22:30:00+00:00,44208.125
2022-02-15 23:00:00+00:00,44333.6171875
2022-02-15 23:30:00+00:00,44592.89453125
2022-02-16 00:00:00+00:00,44286.59765625
2022-02-16 00:30:00+00:00,44229.05859375
2022-02-16 01:00:00+00:00,44152.453125
2022-02-16 01:30:00+00:00,44004.8359375
2022-02-16 02:00:00+00:00,44009.015625
2022-02-16 02:30:00+00:00,44049.6953125
2022-02-16 03:00:00+00:00,44118.90625
2022-02-16 03:30:00+00:00,44014.69140625
2022-02-16 04:00:00+00:00,43762.26953125
2022-02-16 04:30:00+00:00,43901.30078125
2022-02-16 05:00:00+00:00,44036.50390625
2022-02-16 05:30:00+00:00,44063.05078125
2022-02-16 06:00:00+00:00,44145.91796875
2022-02-16 06:30:00+00:00,44062.37890625
2022-02-16 07:00:00+00:00,44010.1875
2022-02-16 07:30:00+00:00,44141.86328125
2022-02-16 08:00:00+00:00,44289.875
2022-02-16 08:30:00+00:00,44160.4921875
2022-02-16 09:00:00+00:00,44152.56640625
2022-02-16 09:30:00+00:00,44076.3671875
2022-02-16 10:00:00+00:00,43954.8984375
2022-02-16 10:30:00+00:00,44120.296875
2022-02-16 11:00:00+00:00,44159.03515625
2022-02-16 11:30:00+00:00,44206.44921875
2022-02-16 12:00:00+00:00,44127.765625
2022-02-16 12:30:00+00:00,44022.63671875
2022-02-16 13:00:00+00:00,44004.91015625
2022-02-16 13:30:00+00:00,43644.65625
2022-02-16 14:00:00+00:00,43636.83984375
2022-02-16 14:30:00+00:00,43480.140625
2022-02-16 15:00:00+00:00,43619.83984375
2022-02-16 15:30:00+00:00,43599.984375
2022-02-16 16:00:00+00:00,43548.203125
2022-02-16 16:30:00+00:00,43665.734375
2022-02-16 17:00:00+00:00,43666.54296875
2022-02-16 17:30:00+00:00,43602.50390625
2022-02-16 18:00:00+00:00,43664.0546875
2022-02-16 18:30:00+00:00,43843.16015625
2022-02-16 19:00:00+00:00,44227.37890625
2022-02-16 19:30:00+00:00,44231.18359375
2022-02-16 20:00:00+00:00,44225.48046875
2022-02-16 20:30:00+00:00,44138.2421875
2022-02-16 21:00:00+00:00,44127.83984375
2022-02-16 21:30:00+00:00,44017.25
2022-02-16 22:00:00+00:00,44111.65234375
2022-02-16 22:30:00+00:00,44051.9609375
2022-02-16 23:00:00+00:00,44158.21484375
2022-02-16 23:30:00+00:00,43956.2421875
2022-02-17 00:00:00+00:00,43888.9140625
2022-02-17 00:30:00+00:00,44053.88671875
2022-02-17 01:00:00+00:00,44110.578125
2022-02-17 01:30:00+00:00,44045.65625
2022-02-17 02:00:00+00:00,43929.63671875
2022-02-17 02:30:00+00:00,44012.484375
2022-02-17 03:00:00+00:00,43982.5546875
2022-02-17 03:30:00+00:00,43701.4765625
2022-02-17 04:00:00+00:00,43560.58984375
2022-02-17 04:30:00+00:00,43617.97265625
2022-02-17 05:00:00+00:00,43648.95703125
2022-02-17 05:30:00+00:00,43634.06640625
2022-02-17 06:00:00+00:00,43692.02734375
2022-02-17 06:30:00+00:00,43846.33203125
2022-02-17 07:00:00+00:00,43767.25
2022-02-17 07:30:00+00:00,43917.84765625
2022-02-17 08:00:00+00:00,43809.00390625
2022-02-17 08:30:00+00:00,43454.37109375
2022-02-17 09:00:00+00:00,43184.859375
2022-02-17 09:30:00+00:00,43212.0078125
2022-02-17 10:00:00+00:00,43298.50390625
2022-02-17 10:30:00+00:00,43074.2109375
2022-02-17 11:00:00+00:00,43183.1171875
2022-02-17 11:30:00+00:00,43188.70703125
2022-02-17 12:00:00+00:00,43316.18359375
2022-02-17 12:30:00+00:00,43228.859375
2022-02-17 13:00:00+00:00,42689.21484375
2022-02-17 13:30:00+00:00,42297.1875
2022-02-17 14:00:00+00:00,42189.56640625
2022-02-17 14:30:00+00:00,41981.3046875
2022-02-17 15:00:00+00:00,41973.66796875
2022-02-17 15:30:00+00:00,41949.21484375
2022-02-17 16:00:00+00:00,41992.48828125
2022-02-17 16:30:00+00:00,41981.0078125
2022-02-17 17:00:00+00:00,41936.8828125
2022-02-17 17:30:00+00:00,41802.9609375
2022-02-17 18:00:00+00:00,41031.8046875
2022-02-17 18:30:00+00:00,41286.546875
2022-02-17 19:00:00+00:00,41091.63671875
2022-02-17 19:30:00+00:00,41196.3203125
2022-02-17 20:00:00+00:00,41047.79296875
2022-02-17 20:30:00+00:00,40989.90234375
2022-02-17 21:00:00+00:00,40260.69140625
2022-02-17 21:30:00+00:00,40721.33984375
2022-02-17 22:00:00+00:00,40561.30859375
2022-02-17 22:30:00+00:00,40703.23046875
2022-02-17 23:00:00+00:00,40692.9765625
2022-02-17 23:30:00+00:00,40521.76953125
2022-02-18 00:00:00+00:00,40552.390625
2022-02-18 00:30:00+00:00,40595.6953125
2022-02-18 01:00:00+00:00,40458.54296875
2022-02-18 01:30:00+00:00,40820.19140625
2022-02-18 02:00:00+00:00,40790.828125
2022-02-18 02:30:00+00:00,40771.421875
2022-02-18 03:00:00+00:00,40685.32421875
2022-02-18 03:30:00+00:00,40717.40234375
2022-02-18 04:00:00+00:00,40735.734375
2022-02-18 04:30:00+00:00,40635.81640625
2022-02-18 05:00:00+00:00,40633.7734375
2022-02-18 05:30:00+00:00,40682.12890625
2022-02-18 06:00:00+00:00,40679.12890625
2022-02-18 06:30:00+00:00,40718.984375
2022-02-18 07:00:00+00:00,40691.015625
2022-02-18 07:30:00+00:00,40684.5078125
2022-02-18 08:00:00+00:00,40739.75390625
2022-02-18 08:30:00+00:00,40899.53515625
2022-02-18 09:00:00+00:00,40836.328125
2022-02-18 09:30:00+00:00,40904.46875
2022-02-18 10:00:00+00:00,40762.75390625
2022-02-18 10:30:00+00:00,40832.890625
2022-02-18 11:00:00+00:00,40458.56640625
2022-02-18 11:30:00+00:00,40232.27734375
2022-02-18 12:00:00+00:00,40440.19921875
2022-02-18 12:30:00+00:00,40452.09375
2022-02-18 13:00:00+00:00,40345.78125
2022-02-18 13:30:00+00:00,40418.74609375
2022-02-18 14:00:00+00:00,40362.11328125
2022-02-18 14:30:00+00:00,40388.71875
2022-02-18 15:00:00+00:00,40321.51171875
2022-02-18 15:30:00+00:00,39838.37109375
2022-02-18 16:00:00+00:00,40252.00390625
2022-02-18 16:30:00+00:00,40158.06640625
2022-02-18 17:00:00+00:00,40177.640625
2022-02-18 17:30:00+00:00,40083.37109375
2022-02-18 18:00:00+00:00,39996.16015625
2022-02-18 18:30:00+00:00,40152.671875
2022-02-18 19:00:00+00:00,40202.58203125
2022-02-18 19:30:00+00:00,40201.6953125
2022-02-18 20:00:00+00:00,40124.28125
2022-02-18 20:30:00+00:00,40016.5703125
2022-02-18 21:00:00+00:00,40106.92578125
2022-02-18 21:30:00+00:00,40048.18359375
2022-02-18 22:00:00+00:00,39913.22265625
2022-02-18 22:30:00+00:00,39979.3359375
2022-02-18 23:00:00+00:00,40056.734375
2022-02-18 23:30:00+00:00,40031.390625
2022-02-19 00:00:00+00:00,40171.0234375
2022-02-19 00:30:00+00:00,40185.8515625
2022-02-19 01:00:00+00:00,40223.9375
2022-02-19 01:30:00+00:00,40182.28125
2022-02-19 02:00:00+00:00,40157.17578125
2022-02-19 02:30:00+00:00,40190.140625
2022-02-19 03:00:00+00:00,40140.08984375
2022-02-19 03:30:00+00:00,40145.71484375
2022-02-19 04:00:00+00:00,40209.3984375
2022-02-19 04:30:00+00:00,40230.42578125
2022-02-19 05:00:00+00:00,40262.68359375
2022-02-19 05:30:00+00:00,40252.2734375
2022-02-19 06:00:00+00:00,40295.8828125
2022-02-19 06:30:00+00:00,40407.48046875
2022-02-19 07:00:00+00:00,40331.12890625
2022-02-19 07:30:00+00:00,40297.52734375
2022-02-19 08:00:00+00:00,40244.0625
2022-02-19 08:30:00+00:00,40074.5078125
2022-02-19 09:00:00+00:00,40021.93359375
2022-02-19 09:30:00+00:00,39978.9609375
2022-02-19 10:00:00+00:00,39876.0
2022-02-19 10:30:00+00:00,39934.73046875
2022-02-19 11:00:00+00:00,39925.08203125
2022-02-19 11:30:00+00:00,39825.6796875
2022-02-19 12:00:00+00:00,39856.97265625
2022-02-19 12:30:00+00:00,39780.2421875
2022-02-19 13:00:00+00:00,39894.27734375
2022-02-19 13:30:00+00:00,40053.49609375
2022-02-19 14:00:00+00:00,39921.09765625
2022-02-19 14:30:00+00:00,39931.01171875
2022-02-19 15:00:00+00:00,39982.6640625
2022-02-19 15:30:00+00:00,40000.7734375
2022-02-19 16:00:00+00:00,40227.11328125
2022-02-19 16:30:00+00:00,39974.22265625
2022-02-19 17:00:00+00:00,40027.828125
2022-02-19 17:30:00+00:00,40149.125
2022-02-19 18:00:00+00:00,40082.40234375
2022-02-19 18:30:00+00:00,40116.109375
2022-02-19 19:00:00+00:00,40019.96875
2022-02-19 19:30:00+00:00,39968.39453125
2022-02-19 20:00:00+00:00,40054.17578125
2022-02-19 20:30:00+00:00,40079.046875
2022-02-19 21:00:00+00:00,39932.27734375
2022-02-19 21:30:00+00:00,39941.21875
2022-02-19 22:00:00+00:00,39995.81640625
2022-02-19 22:30:00+00:00,40043.3125
2022-02-19 23:00:00+00:00,40081.46484375
2022-02-19 23:30:00+00:00,40127.41015625
2022-02-20 00:00:00+00:00,40010.07421875
2022-02-20 00:30:00+00:00,39939.76953125
2022-02-20 01:00:00+00:00,39949.0546875
2022-02-20 01:30:00+00:00,40026.90625
2022-02-20 02:00:00+00:00,39995.453125
2022-02-20 02:30:00+00:00,39888.0078125
2022-02-20 03:00:00+00:00,39816.828125
2022-02-20 03:30:00+00:00,39814.62890625
2022-02-20 04:00:00+00:00,39780.40234375
2022-02-20 04:30:00+00:00,39607.30859375
2022-02-20 05:00:00+00:00,39635.25390625
2022-02-20 05:30:00+00:00,39435.93359375
2022-02-20 06:00:00+00:00,39068.0234375
2022-02-20 06:30:00+00:00,38857.8046875
2022-02-20 07:00:00+00:00,38819.41015625
2022-02-20 07:30:00+00:00,38813.1484375
2022-02-20 08:00:00+00:00,38492.4140625
2022-02-20 08:30:00+00:00,38263.23828125
2022-02-20 09:00:00+00:00,38235.453125
2022-02-20 09:30:00+00:00,38251.90234375
2022-02-20 10:00:00+00:00,38353.1953125
2022-02-20 10:30:00+00:00,38229.95703125
2022-02-20 11:00:00+00:00,38263.71875
2022-02-20 11:30:00+00:00,38337.90625
2022-02-20 12:00:00+00:00,38423.66015625
2022-02-20 12:30:00+00:00,38294.859375
2022-02-20 13:00:00+00:00,38248.69140625
2022-02-20 13:30:00+00:00,38306.64453125
2022-02-20 14:00:00+00:00,38263.1796875
2022-02-20 14:30:00+00:00,38221.44921875
2022-02-20 15:00:00+00:00,38247.5859375
2022-02-20 15:30:00+00:00,38361.4453125
2022-02-20 16:00:00+00:00,38458.86328125
2022-02-20 16:30:00+00:00,38347.015625
2022-02-20 17:00:00+00:00,38352.578125
2022-02-20 17:30:00+00:00,38321.51171875
2022-02-20 18:00:00+00:00,38329.2421875
2022-02-20 18:30:00+00:00,38438.44140625
2022-02-20 19:00:00+00:00,38395.53125
2022-02-20 19:30:00+00:00,38411.8203125
2022-02-20 20:00:00+00:00,38337.97265625
2022-02-20 20:30:00+00:00,38331.03125
2022-02-20 21:00:00+00:00,38158.78515625
2022-02-20 21:30:00+00:00,38219.03125
2022-02-20 22:00:00+00:00,38332.99609375
2022-02-20 22:30:00+00:00,38742.26171875
2022-02-20 23:00:00+00:00,38588.51171875
2022-02-20 23:30:00+00:00,38438.15234375
2022-02-21 00:00:00+00:00,38339.19921875
2022-02-21 00:30:00+00:00,38626.66015625
2022-02-21 01:00:00+00:00,38992.69921875
2022-02-21 01:30:00+00:00,39230.74609375
2022-02-21 02:00:00+00:00,39100.453125
2022-02-21 02:30:00+00:00,39186.76171875
2022-02-21 03:00:00+00:00,39175.3046875
2022-02-21 03:30:00+00:00,38954.7421875
2022-02-21 04:00:00+00:00,39005.6953125
2022-02-21 04:30:00+00:00,39321.70703125
2022-02-21 05:00:00+00:00,39379.7578125
2022-02-21 05:30:00+00:00,39242.85546875
2022-02-21 06:00:00+00:00,39235.18359375
2022-02-21 06:30:00+00:00,39226.96875
2022-02-21 07:00:00+00:00,39188.65234375
2022-02-21 07:30:00+00:00,39291.76953125
2022-02-21 08:00:00+00:00,39242.77734375
2022-02-21 08:30:00+00:00,39119.83203125
2022-02-21 09:00:00+00:00,39066.7109375
2022-02-21 09:30:00+00:00,38964.859375
2022-02-21 10:00:00+00:00,38680.7578125
2022-02-21 10:30:00+00:00,38413.22265625
2022-02-21 11:00:00+00:00,38321.54296875
2022-02-21 11:30:00+00:00,37646.8046875
2022-02-21 12:00:00+00:00,37665.1015625
2022-02-21 12:30:00+00:00,37534.10546875
2022-02-21 13:00:00+00:00,37457.0234375
2022-02-21 13:30:00+00:00,37554.8515625
2022-02-21 14:00:00+00:00,38722.6796875
2022-02-21 14:30:00+00:00,38752.44140625
2022-02-21 15:00:00+00:00,38807.96875
2022-02-21 15:30:00+00:00,38810.9765625
2022-02-21 16:00:00+00:00,38885.14453125
2022-02-21 16:30:00+00:00,38842.40234375
2022-02-21 17:00:00+00:00,38832.7734375
2022-02-21 17:30:00+00:00,38585.7265625
2022-02-21 18:00:00+00:00,37755.15625
2022-02-21 18:30:00+00:00,37837.08203125
2022-02-21 19:00:00+00:00,37785.8359375
2022-02-21 19:30:00+00:00,38144.609375
2022-02-21 20:00:00+00:00,38112.1953125
2022-02-21 20:30:00+00:00,38255.1796875
2022-02-21 21:00:00+00:00,38261.22265625
2022-02-21 21:30:00+00:00,37335.65625
2022-02-21 22:00:00+00:00,37208.54296875
2022-02-21 22:30:00+00:00,37584.71484375
2022-02-21 23:00:00+00:00,37283.44921875
2022-02-21 23:30:00+00:00,37060.35546875
2022-02-22 00:00:00+00:00,37115.28515625
2022-02-22 00:30:00+00:00,37241.13671875
2022-02-22 01:00:00+00:00,36986.03125
2022-02-22 01:30:00+00:00,37264.77734375
2022-02-22 02:00:00+00:00,37016.28125
2022-02-22 02:30:00+00:00,37015.19921875
2022-02-22 03:00:00+00:00,36621.0859375
2022-02-22 03:30:00+00:00,36581.28515625
2022-02-22 04:00:00+00:00,36706.125
2022-02-22 04:30:00+00:00,36675.33203125
2022-02-22 05:00:00+00:00,36777.58203125
2022-02-22 05:30:00+00:00,36892.484375
2022-02-22 06:00:00+00:00,36732.78125
2022-02-22 06:30:00+00:00,36851.28515625
2022-02-22 07:00:00+00:00,36711.58984375
2022-02-22 07:30:00+00:00,36885.765625
2022-02-22 08:00:00+00:00,36996.8125
2022-02-22 08:30:00+00:00,37124.53515625
2022-02-22 09:00:00+00:00,37071.62890625
2022-02-22 09:30:00+00:00,37156.53515625
2022-02-22 10:00:00+00:00,37414.15625
2022-02-22 10:30:00+00:00,37739.25390625
2022-02-22 11:00:00+00:00,37576.79296875
2022-02-22 11:30:00+00:00,37592.30078125
2022-02-22 12:00:00+00:00,37644.00390625
2022-02-22 12:30:00+00:00,37606.171875
2022-02-22 13:00:00+00:00,37518.98046875
2022-02-22 13:30:00+00:00,37788.05078125
2022-02-22 14:00:00+00:00,37580.1484375
2022-02-22 14:30:00+00:00,38132.61328125
2022-02-22 15:00:00+00:00,38074.03125
2022-02-22 15:30:00+00:00,37843.10546875
2022-02-22 16:00:00+00:00,37719.49609375
2022-02-22 16:30:00+00:00,37678.515625
2022-02-22 17:00:00+00:00,37533.3515625
2022-02-22 17:30:00+00:00,37665.86328125
2022-02-22 18:00:00+00:00,37659.4921875
2022-02-22 18:30:00+00:00,37758.890625
2022-02-22 19:00:00+00:00,37874.36328125
2022-02-22 19:30:00+00:00,38092.26171875
2022-02-22 20:00:00+00:00,38069.25
2022-02-22 20:30:00+00:00,37937.8203125
2022-02-22 21:00:00+00:00,37964.9375
2022-02-22 21:30:00+00:00,37891.26953125
2022-02-22 22:00:00+00:00,37875.5859375
2022-02-22 22:30:00+00:00,37873.625
2022-02-22 23:00:00+00:00,38030.8671875
2022-02-22 23:30:00+00:00,38303.078125
2022-02-23 00:00:00+00:00,38227.390625
2022-02-23 00:30:00+00:00,38162.34375
2022-02-23 01:00:00+00:00,38109.33203125
2022-02-23 01:30:00+00:00,38058.6484375
2022-02-23 02:00:00+00:00,37935.1328125
2022-02-23 02:30:00+00:00,37689.3515625
2022-02-23 03:00:00+00:00,37808.3203125
2022-02-23 03:30:00+00:00,37781.2578125
2022-02-23 04:00:00+00:00,37932.01171875
2022-02-23 04:30:00+00:00,38012.78515625
2022-02-23 05:00:00+00:00,37905.41796875
2022-02-23 05:30:00+00:00,37997.73828125
2022-02-23 06:00:00+00:00,38063.85546875
2022-02-23 06:30:00+00:00,37989.74609375
2022-02-23 07:00:00+00:00,38092.92578125
2022-02-23 07:30:00+00:00,38163.96484375
2022-02-23 08:00:00+00:00,38621.07421875
2022-02-23 08:30:00+00:00,38643.03125
2022-02-23 09:00:00+00:00,38789.4140625
2022-02-23 09:30:00+00:00,38885.94921875
2022-02-23 10:00:00+00:00,38913.1328125
2022-02-23 10:30:00+00:00,38871.3828125
2022-02-23 11:00:00+00:00,38862.48828125
2022-02-23 11:30:00+00:00,38851.19140625
2022-02-23 12:00:00+00:00,38851.19140625
2022-02-23 12:30:00+00:00,38832.19921875
2022-02-23 13:00:00+00:00,39053.9921875
2022-02-23 13:30:00+00:00,38965.91796875
2022-02-23 14:00:00+00:00,38912.28515625
2022-02-23 14:30:00+00:00,38760.7578125
2022-02-23 15:00:00+00:00,38590.83203125
2022-02-23 15:30:00+00:00,38554.57421875
2022-02-23 16:00:00+00:00,38517.984375
2022-02-23 16:30:00+00:00,38687.484375
2022-02-23 17:00:00+00:00,38686.53125
2022-02-23 17:30:00+00:00,38172.64453125
2022-02-23 18:00:00+00:00,37879.8125
2022-02-23 18:30:00+00:00,37827.77734375
2022-02-23 19:00:00+00:00,37806.23828125
2022-02-23 19:30:00+00:00,37662.015625
2022-02-23 20:00:00+00:00,37685.3359375
2022-02-23 20:30:00+00:00,37674.96875
2022-02-23 21:00:00+00:00,37741.4140625
2022-02-23 21:30:00+00:00,37581.19921875
2022-02-23 22:00:00+00:00,37436.5390625
2022-02-23 22:30:00+00:00,37631.80859375
2022-02-23 23:00:00+00:00,37318.09375
2022-02-23 23:30:00+00:00,37309.37890625
2022-02-24 00:00:00+00:00,37342.65234375
2022-02-24 00:30:00+00:00,36850.484375
2022-02-24 01:00:00+00:00,36805.765625
2022-02-24 01:30:00+00:00,36973.87890625
2022-02-24 02:00:00+00:00,36983.28125
2022-02-24 02:30:00+00:00,36420.9296875
2022-02-24 03:00:00+00:00,35594.21484375
2022-02-24 03:30:00+00:00,35175.21875
2022-02-24 04:00:00+00:00,34900.77734375
2022-02-24 04:30:00+00:00,35082.6953125
2022-02-24 05:00:00+00:00,34783.05078125
2022-02-24 05:30:00+00:00,34750.15234375
2022-02-24 06:00:00+00:00,34880.0390625
2022-02-24 06:30:00+00:00,34904.0625
2022-02-24 07:00:00+00:00,34732.3671875
2022-02-24 07:30:00+00:00,35277.82421875
2022-02-24 08:00:00+00:00,35484.7109375
2022-02-24 08:30:00+00:00,35555.890625
2022-02-24 09:00:00+00:00,35734.6171875
2022-02-24 09:30:00+00:00,35420.2734375
2022-02-24 10:00:00+00:00,35049.21484375
2022-02-24 10:30:00+00:00,35215.9609375
2022-02-24 11:00:00+00:00,35113.140625
2022-02-24 11:30:00+00:00,35400.265625
2022-02-24 12:00:00+00:00,35266.05078125
2022-02-24 12:30:00+00:00,35300.26171875
2022-02-24 13:00:00+00:00,35355.07421875
2022-02-24 13:30:00+00:00,35632.30859375
2022-02-24 14:00:00+00:00,35376.8359375
2022-02-24 14:30:00+00:00,35646.77734375
2022-02-24 15:00:00+00:00,35738.37109375
2022-02-24 15:30:00+00:00,35967.6484375
2022-02-24 16:00:00+00:00,36161.1328125
2022-02-24 16:30:00+00:00,36164.16796875
2022-02-24 17:00:00+00:00,35942.50390625
2022-02-24 17:30:00+00:00,35920.4921875
2022-02-24 18:00:00+00:00,35949.2578125
2022-02-24 18:30:00+00:00,36523.625
2022-02-24 19:00:00+00:00,36595.109375
2022-02-24 19:30:00+00:00,37159.109375
2022-02-24 20:00:00+00:00,38594.30859375
2022-02-24 20:30:00+00:00,38360.78125
2022-02-24 21:00:00+00:00,38375.82421875
2022-02-24 21:30:00+00:00,38477.8203125
2022-02-24 22:00:00+00:00,38378.625
2022-02-24 22:30:00+00:00,37847.046875
2022-02-24 23:00:00+00:00,38171.97265625
2022-02-24 23:30:00+00:00,38322.6171875
2022-02-25 00:00:00+00:00,38675.14453125
2022-02-25 00:30:00+00:00,38303.86328125
2022-02-25 01:00:00+00:00,38649.6796875
2022-02-25 01:30:00+00:00,38489.75390625
2022-02-25 02:00:00+00:00,38642.47265625
2022-02-25 02:30:00+00:00,38768.55859375
2022-02-25 03:00:00+00:00,38582.20703125
2022-02-25 03:30:00+00:00,38884.828125
2022-02-25 04:00:00+00:00,38797.81640625
2022-02-25 04:30:00+00:00,38773.87109375
2022-02-25 05:00:00+00:00,38548.734375
2022-02-25 05:30:00+00:00,38508.234375
2022-02-25 06:00:00+00:00,38612.58984375
2022-02-25 06:30:00+00:00,38731.8515625
2022-02-25 07:00:00+00:00,38574.18359375
2022-02-25 07:30:00+00:00,38467.30078125
2022-02-25 08:00:00+00:00,38270.22265625
2022-02-25 08:30:00+00:00,38414.0
2022-02-25 09:00:00+00:00,38121.4375
2022-02-25 09:30:00+00:00,38505.58984375
2022-02-25 10:00:00+00:00,38610.5078125
2022-02-25 10:30:00+00:00,38558.34375
2022-02-25 11:00:00+00:00,38565.6484375
2022-02-25 11:30:00+00:00,38721.77734375
2022-02-25 12:00:00+00:00,38854.984375
2022-02-25 12:30:00+00:00,39305.58984375
2022-02-25 13:00:00+00:00,39332.68359375
2022-02-25 13:30:00+00:00,39366.48828125
2022-02-25 14:00:00+00:00,39209.046875
2022-02-25 14:30:00+00:00,39194.81640625
2022-02-25 15:00:00+00:00,39264.765625
2022-02-25 15:30:00+00:00,39400.26953125
2022-02-25 16:00:00+00:00,39312.359375
2022-02-25 16:30:00+00:00,39349.1796875
2022-02-25 17:00:00+00:00,39134.7890625
2022-02-25 17:30:00+00:00,38984.45703125
2022-02-25 18:00:00+00:00,38811.6953125
2022-02-25 18:30:00+00:00,38659.80859375
2022-02-25 19:00:00+00:00,38883.7109375
2022-02-25 19:30:00+00:00,38741.1328125
2022-02-25 20:00:00+00:00,38780.9296875
2022-02-25 20:30:00+00:00,39107.34765625
2022-02-25 21:00:00+00:00,39094.75390625
2022-02-25 21:30:00+00:00,39005.1015625
2022-02-25 22:00:00+00:00,38986.75
2022-02-25 22:30:00+00:00,39324.60546875
2022-02-25 23:00:00+00:00,39453.6484375
2022-02-25 23:30:00+00:00,39205.68359375
2022-02-26 00:00:00+00:00,39312.19921875
2022-02-26 00:30:00+00:00,39761.125
2022-02-26 01:00:00+00:00,39759.87109375
2022-02-26 01:30:00+00:00,39699.19921875
2022-02-26 02:00:00+00:00,39676.21875
2022-02-26 02:30:00+00:00,39580.1484375
2022-02-26 03:00:00+00:00,39419.0703125
2022-02-26 03:30:00+00:00,39418.765625
2022-02-26 04:00:00+00:00,39408.1796875
2022-02-26 04:30:00+00:00,39405.4453125
2022-02-26 05:00:00+00:00,39240.609375
2022-02-26 05:30:00+00:00,39055.1953125
2022-02-26 06:00:00+00:00,39163.36328125
2022-02-26 06:30:00+00:00,39160.59765625
2022-02-26 07:00:00+00:00,39128.42578125
2022-02-26 07:30:00+00:00,39177.9921875
2022-02-26 08:00:00+00:00,39344.9453125
2022-02-26 08:30:00+00:00,38813.38671875
2022-02-26 09:00:00+00:00,38857.0546875
2022-02-26 09:30:00+00:00,38794.625
2022-02-26 10:00:00+00:00,38951.40234375
2022-02-26 10:30:00+00:00,39025.98046875
2022-02-26 11:00:00+00:00,38964.30078125
2022-02-26 11:30:00+00:00,38948.16015625
2022-02-26 12:00:00+00:00,38896.58984375
2022-02-26 12:30:00+00:00,38987.1328125
2022-02-26 13:00:00+00:00,39134.76171875
2022-02-26 13:30:00+00:00,39090.359375
2022-02-26 14:00:00+00:00,39116.6796875
2022-02-26 14:30:00+00:00,39196.6796875
2022-02-26 15:00:00+00:00,39239.42578125
2022-02-26 15:30:00+00:00,39252.16796875
2022-02-26 16:00:00+00:00,39215.07421875
2022-02-26 16:30:00+00:00,39169.3125
2022-02-26 17:00:00+00:00,39202.3828125
2022-02-26 17:30:00+00:00,39255.28125
2022-02-26 18:00:00+00:00,38971.953125
2022-02-26 18:30:00+00:00,39082.4921875
2022-02-26 19:00:00+00:00,39335.76171875
2022-02-26 19:30:00+00:00,39278.53515625
2022-02-26 20:00:00+00:00,39318.7890625
2022-02-26 20:30:00+00:00,39366.85546875
2022-02-26 21:00:00+00:00,39628.4921875
2022-02-26 21:30:00+00:00,39429.62890625
2022-02-26 22:00:00+00:00,39251.7109375
2022-02-26 22:30:00+00:00,39184.0234375
2022-02-26 23:00:00+00:00,39068.3359375
2022-02-26 23:30:00+00:00,39107.5
2022-02-27 00:00:00+00:00,39066.2421875
2022-02-27 00:30:00+00:00,38877.79296875
2022-02-27 01:00:00+00:00,38498.671875
2022-02-27 01:30:00+00:00,38442.703125
2022-02-27 02:00:00+00:00,38479.234375
2022-02-27 02:30:00+00:00,38578.3515625
2022-02-27 03:00:00+00:00,38656.0390625
2022-02-27 03:30:00+00:00,38629.29296875
2022-02-27 04:00:00+00:00,38646.39453125
2022-02-27 04:30:00+00:00,38562.64453125
2022-02-27 05:00:00+00:00,38663.47265625
2022-02-27 05:30:00+00:00,38635.1796875
2022-02-27 06:00:00+00:00,38743.17578125
2022-02-27 06:30:00+00:00,38806.99609375
2022-02-27 07:00:00+00:00,38853.37890625
2022-02-27 07:30:00+00:00,38821.23046875
2022-02-27 08:00:00+00:00,38770.84765625
2022-02-27 08:30:00+00:00,38826.25
2022-02-27 09:00:00+00:00,38976.33984375
2022-02-27 09:30:00+00:00,39046.6796875
2022-02-27 10:00:00+00:00,39095.7890625
2022-02-27 10:30:00+00:00,39353.5078125
2022-02-27 11:00:00+00:00,39471.86328125
2022-02-27 11:30:00+00:00,39471.09765625
2022-02-27 12:00:00+00:00,39504.28515625
2022-02-27 12:30:00+00:00,39757.46484375
2022-02-27 13:00:00+00:00,39688.36328125
2022-02-27 13:30:00+00:00,38990.68359375
2022-02-27 14:00:00+00:00,39052.19140625
2022-02-27 14:30:00+00:00,38790.58203125
2022-02-27 15:00:00+00:00,39342.140625
2022-02-27 15:30:00+00:00,39341.23828125
2022-02-27 16:00:00+00:00,39160.625
2022-02-27 16:30:00+00:00,39092.70703125
2022-02-27 17:00:00+00:00,39046.9609375
2022-02-27 17:30:00+00:00,39035.18359375
2022-02-27 18:00:00+00:00,39061.58984375
2022-02-27 18:30:00+00:00,38933.45703125
2022-02-27 19:00:00+00:00,38677.5859375
2022-02-27 19:30:00+00:00,37851.1171875
2022-02-27 20:00:00+00:00,37603.390625
2022-02-27 20:30:00+00:00,38010.140625
2022-02-27 21:00:00+00:00,37376.87109375
2022-02-27 21:30:00+00:00,37536.8515625
2022-02-27 22:00:00+00:00,37639.75390625
2022-02-27 22:30:00+00:00,37761.8984375
2022-02-27 23:00:00+00:00,37476.39453125
2022-02-27 23:30:00+00:00,37728.9609375
2022-02-28 00:00:00+00:00,37625.2265625
2022-02-28 00:30:00+00:00,37518.21484375
2022-02-28 01:00:00+00:00,38083.83984375
2022-02-28 01:30:00+00:00,38123.453125
2022-02-28 02:00:00+00:00,37926.765625
2022-02-28 02:30:00+00:00,37659.01953125
2022-02-28 03:00:00+00:00,37829.84765625
2022-02-28 03:30:00+00:00,37813.01953125
2022-02-28 04:00:00+00:00,37864.08203125
2022-02-28 04:30:00+00:00,37812.5859375
2022-02-28 05:00:00+00:00,37908.94140625
2022-02-28 05:30:00+00:00,37839.21484375
2022-02-28 06:00:00+00:00,37727.78125
2022-02-28 06:30:00+00:00,37939.01953125
2022-02-28 07:00:00+00:00,38165.71484375
2022-02-28 07:30:00+00:00,38308.44921875
2022-02-28 08:00:00+00:00,38405.48828125
2022-02-28 08:30:00+00:00,38317.31640625
2022-02-28 09:00:00+00:00,38334.734375
2022-02-28 09:30:00+00:00,38357.01171875
2022-02-28 10:00:00+00:00,38306.84375
2022-02-28 10:30:00+00:00,38329.21484375
2022-02-28 11:00:00+00:00,38272.421875
2022-02-28 11:30:00+00:00,38351.95703125
2022-02-28 12:00:00+00:00,38501.6796875
2022-02-28 12:30:00+00:00,38407.765625
2022-02-28 13:00:00+00:00,38056.8125
2022-02-28 13:30:00+00:00,38063.49609375
2022-02-28 14:00:00+00:00,38762.09765625
2022-02-28 14:30:00+00:00,39632.90234375
2022-02-28 15:00:00+00:00,40381.484375
2022-02-28 15:30:00+00:00,40734.47265625
2022-02-28 16:00:00+00:00,41175.984375
2022-02-28 16:30:00+00:00,41008.1875
2022-02-28 17:00:00+00:00,40893.17578125
2022-02-28 17:30:00+00:00,41100.43359375
2022-02-28 18:00:00+00:00,41208.69140625
2022-02-28 18:30:00+00:00,41207.328125
2022-02-28 19:00:00+00:00,41142.03515625
2022-02-28 19:30:00+00:00,41308.18359375
2022-02-28 20:00:00+00:00,41596.4453125
2022-02-28 20:30:00+00:00,41784.57421875
2022-02-28 21:00:00+00:00,41632.77734375
2022-02-28 21:30:00+00:00,41609.30078125
2022-02-28 22:00:00+00:00,41827.421875
2022-02-28 22:30:00+00:00,43310.0234375
2022-02-28 23:00:00+00:00,43059.0703125
2022-02-28 23:30:00+00:00,43182.0078125
2022-03-01 00:00:00+00:00,43352.3515625
2022-03-01 00:30:00+00:00,43507.12890625
2022-03-01 01:00:00+00:00,43317.2421875
2022-03-01 01:30:00+00:00,43279.51171875
2022-03-01 02:00:00+00:00,43127.66796875
2022-03-01 02:30:00+00:00,43140.046875
2022-03-01 03:00:00+00:00,42981.609375
2022-03-01 03:30:00+00:00,43109.265625
2022-03-01 04:00:00+00:00,43226.09765625
2022-03-01 04:30:00+00:00,43321.12109375
2022-03-01 05:00:00+00:00,43210.2421875
2022-03-01 05:30:00+00:00,43202.83203125
2022-03-01 06:00:00+00:00,43273.73046875
2022-03-01 06:30:00+00:00,43411.6171875
2022-03-01 07:00:00+00:00,43400.74609375
2022-03-01 07:30:00+00:00,43433.3828125
2022-03-01 08:00:00+00:00,43400.5859375
2022-03-01 08:30:00+00:00,43432.69140625
2022-03-01 09:00:00+00:00,43370.19140625
2022-03-01 09:30:00+00:00,43232.7421875
2022-03-01 10:00:00+00:00,43105.5625
2022-03-01 10:30:00+00:00,43473.69921875
2022-03-01 11:00:00+00:00,43640.390625
2022-03-01 11:30:00+00:00,43537.58203125
2022-03-01 12:00:00+00:00,44279.203125
2022-03-01 12:30:00+00:00,44543.99609375
2022-03-01 13:00:00+00:00,44550.015625
2022-03-01 13:30:00+00:00,44582.14453125
2022-03-01 14:00:00+00:00,44548.453125
2022-03-01 14:30:00+00:00,43968.828125
2022-03-01 15:00:00+00:00,43901.3984375
2022-03-01 15:30:00+00:00,43613.50390625
2022-03-01 16:00:00+00:00,43808.7109375
2022-03-01 16:30:00+00:00,43347.03515625
2022-03-01 17:00:00+00:00,43481.9453125
2022-03-01 17:30:00+00:00,43622.92578125
2022-03-01 18:00:00+00:00,43548.71875
2022-03-01 18:30:00+00:00,43820.8359375
2022-03-01 19:00:00+00:00,43971.2109375
2022-03-01 19:30:00+00:00,43728.25
2022-03-01 20:00:00+00:00,43887.96484375
2022-03-01 20:30:00+00:00,44023.84375
2022-03-01 21:00:00+00:00,44029.30859375
2022-03-01 21:30:00+00:00,43844.609375
2022-03-01 22:00:00+00:00,43921.3828125
2022-03-01 22:30:00+00:00,44149.1015625
2022-03-01 23:00:00+00:00,44138.140625
2022-03-01 23:30:00+00:00,44346.98828125
2022-03-02 00:00:00+00:00,44248.23046875
2022-03-02 00:30:00+00:00,44203.4296875
2022-03-02 01:00:00+00:00,43972.12890625
2022-03-02 01:30:00+00:00,43993.6953125
2022-03-02 02:00:00+00:00,43970.17578125
2022-03-02 02:30:00+00:00,44159.0625
2022-03-02 03:00:00+00:00,44116.26953125
2022-03-02 03:30:00+00:00,44370.24609375
2022-03-02 04:00:00+00:00,44449.75
2022-03-02 04:30:00+00:00,44273.2109375
2022-03-02 05:00:00+00:00,44249.76953125
2022-03-02 05:30:00+00:00,44279.015625
2022-03-02 06:00:00+00:00,44150.1875
2022-03-02 06:30:00+00:00,43945.46875
2022-03-02 07:00:00+00:00,43810.09765625
2022-03-02 07:30:00+00:00,43913.2734375
2022-03-02 08:00:00+00:00,44140.3046875
2022-03-02 08:30:00+00:00,43936.08203125
2022-03-02 09:00:00+00:00,43918.3671875
2022-03-02 09:30:00+00:00,43944.19140625
2022-03-02 10:00:00+00:00,44135.74609375
2022-03-02 10:30:00+00:00,44146.3125
2022-03-02 11:00:00+00:00,44163.43359375
2022-03-02 11:30:00+00:00,44114.421875
2022-03-02 12:00:00+00:00,43985.89453125
2022-03-02 12:30:00+00:00,44005.8671875
2022-03-02 13:00:00+00:00,43700.25
2022-03-02 13:30:00+00:00,43479.70703125
2022-03-02 14:00:00+00:00,43692.63671875
2022-03-02 14:30:00+00:00,44644.7578125
2022-03-02 15:00:00+00:00,44082.3671875
2022-03-02 15:30:00+00:00,44160.31640625
2022-03-02 16:00:00+00:00,44334.72265625
2022-03-02 16:30:00+00:00,44282.96875
2022-03-02 17:00:00+00:00,44187.3046875
2022-03-02 17:30:00+00:00,43840.15234375
2022-03-02 18:00:00+00:00,43849.72265625
2022-03-02 18:30:00+00:00,43630.8125
2022-03-02 19:00:00+00:00,43516.24609375
2022-03-02 19:30:00+00:00,43729.921875
2022-03-02 20:00:00+00:00,43735.99609375
2022-03-02 20:30:00+00:00,43808.40234375
2022-03-02 21:00:00+00:00,43830.21484375
2022-03-02 21:30:00+00:00,43900.68359375
2022-03-02 22:00:00+00:00,44062.64453125
2022-03-02 22:30:00+00:00,44112.7265625
2022-03-02 23:00:00+00:00,44125.765625
2022-03-02 23:30:00+00:00,43932.7109375
2022-03-03 00:00:00+00:00,43858.87109375
2022-03-03 00:30:00+00:00,44017.53125
2022-03-03 01:00:00+00:00,43877.6875
2022-03-03 01:30:00+00:00,43840.328125
2022-03-03 02:00:00+00:00,43795.15625
2022-03-03 02:30:00+00:00,43806.29296875
2022-03-03 03:00:00+00:00,43765.51953125
2022-03-03 03:30:00+00:00,43374.94921875
2022-03-03 04:00:00+00:00,43453.85546875
2022-03-03 04:30:00+00:00,43424.421875
2022-03-03 05:00:00+00:00,43441.6015625
2022-03-03 05:30:00+00:00,43410.21484375
2022-03-03 06:00:00+00:00,43145.33984375
2022-03-03 06:30:00+00:00,43413.58984375
2022-03-03 07:00:00+00:00,43495.6875
2022-03-03 07:30:00+00:00,43408.8671875
2022-03-03 08:00:00+00:00,43501.828125
2022-03-03 08:30:00+00:00,43415.10546875
2022-03-03 09:00:00+00:00,43349.26953125
2022-03-03 09:30:00+00:00,43214.4921875
2022-03-03 10:00:00+00:00,43215.98046875
2022-03-03 10:30:00+00:00,43361.36328125
2022-03-03 11:00:00+00:00,43519.0859375
2022-03-03 11:30:00+00:00,43403.1328125
2022-03-03 12:00:00+00:00,43623.9453125
2022-03-03 12:30:00+00:00,43540.77734375
2022-03-03 13:00:00+00:00,43693.44921875
2022-03-03 13:30:00+00:00,43855.43359375
2022-03-03 14:00:00+00:00,43817.703125
2022-03-03 14:30:00+00:00,43459.109375
2022-03-03 15:00:00+00:00,43150.05859375
2022-03-03 15:30:00+00:00,42586.109375
2022-03-03 16:00:00+00:00,42663.31640625
2022-03-03 16:30:00+00:00,42465.51953125
2022-03-03 17:00:00+00:00,42199.88671875
2022-03-03 17:30:00+00:00,42423.2890625
2022-03-03 18:00:00+00:00,42423.72265625
2022-03-03 18:30:00+00:00,42266.4765625
2022-03-03 19:00:00+00:00,42402.13671875
2022-03-03 19:30:00+00:00,42218.4921875
2022-03-03 20:00:00+00:00,42198.02734375
2022-03-03 20:30:00+00:00,41997.7265625
2022-03-03 21:00:00+00:00,42086.453125
2022-03-03 21:30:00+00:00,42069.0234375
2022-03-03 22:00:00+00:00,42528.98828125
2022-03-03 22:30:00+00:00,42501.23828125
2022-03-03 23:00:00+00:00,42550.2734375
2022-03-03 23:30:00+00:00,42451.91796875
2022-03-04 00:00:00+00:00,42200.7265625
2022-03-04 00:30:00+00:00,41636.109375
2022-03-04 01:00:00+00:00,41427.68359375
2022-03-04 01:30:00+00:00,41537.171875
2022-03-04 02:00:00+00:00,41417.59765625
2022-03-04 02:30:00+00:00,41447.3125
2022-03-04 03:00:00+00:00,41446.06640625
2022-03-04 03:30:00+00:00,41476.1796875
2022-03-04 04:00:00+00:00,41270.41796875
2022-03-04 04:30:00+00:00,41381.03515625
2022-03-04 05:00:00+00:00,41354.59765625
2022-03-04 05:30:00+00:00,41378.53515625
2022-03-04 06:00:00+00:00,41429.33984375
2022-03-04 06:30:00+00:00,41401.2578125
2022-03-04 07:00:00+00:00,41378.859375
2022-03-04 07:30:00+00:00,41403.49609375
2022-03-04 08:00:00+00:00,41418.4921875
2022-03-04 08:30:00+00:00,41547.7734375
2022-03-04 09:00:00+00:00,41635.62109375
2022-03-04 09:30:00+00:00,41575.13671875
2022-03-04 10:00:00+00:00,41631.54296875
2022-03-04 10:30:00+00:00,41698.63671875
2022-03-04 11:00:00+00:00,41679.83203125
2022-03-04 11:30:00+00:00,41786.64453125
2022-03-04 12:00:00+00:00,41466.68359375
2022-03-04 12:30:00+00:00,41479.9765625
2022-03-04 13:00:00+00:00,41533.375
2022-03-04 13:30:00+00:00,41320.8671875
2022-03-04 14:00:00+00:00,41305.1875
2022-03-04 14:30:00+00:00,40922.49609375
2022-03-04 15:00:00+00:00,40829.703125
2022-03-04 15:30:00+00:00,40778.453125
2022-03-04 16:00:00+00:00,40651.65625
2022-03-04 16:30:00+00:00,40785.0625
2022-03-04 17:00:00+00:00,40874.9765625
2022-03-04 17:30:00+00:00,40855.84375
2022-03-04 18:00:00+00:00,40804.3359375
2022-03-04 18:30:00+00:00,40696.56640625
2022-03-04 19:00:00+00:00,40298.78125
2022-03-04 19:30:00+00:00,39939.796875
2022-03-04 20:00:00+00:00,39363.203125
2022-03-04 20:30:00+00:00,39563.40625
2022-03-04 21:00:00+00:00,39431.7421875
2022-03-04 21:30:00+00:00,39445.9609375
2022-03-04 22:00:00+00:00,39027.0625
2022-03-04 22:30:00+00:00,38978.40625
2022-03-04 23:00:00+00:00,39033.734375
2022-03-04 23:30:00+00:00,39136.60546875
2022-03-05 00:00:00+00:00,39098.86328125
2022-03-05 00:30:00+00:00,38873.56640625
2022-03-05 01:00:00+00:00,38946.359375
2022-03-05 01:30:00+00:00,39000.7421875
2022-03-05 02:00:00+00:00,38949.70703125
2022-03-05 02:30:00+00:00,38964.109375
2022-03-05 03:00:00+00:00,39053.53125
2022-03-05 03:30:00+00:00,39072.609375
2022-03-05 04:00:00+00:00,38951.6015625
2022-03-05 04:30:00+00:00,38878.34375
2022-03-05 05:00:00+00:00,38951.6796875
2022-03-05 05:30:00+00:00,38969.12890625
2022-03-05 06:00:00+00:00,39037.73828125
2022-03-05 06:30:00+00:00,38995.3046875
2022-03-05 07:00:00+00:00,39124.73828125
2022-03-05 07:30:00+00:00,39044.65234375
2022-03-05 08:00:00+00:00,39018.453125
2022-03-05 08:30:00+00:00,39119.94921875
2022-03-05 09:00:00+00:00,39094.265625
2022-03-05 09:30:00+00:00,39050.88671875
2022-03-05 10:00:00+00:00,38995.55859375
2022-03-05 10:30:00+00:00,39134.0234375
2022-03-05 11:00:00+00:00,39193.73828125
2022-03-05 11:30:00+00:00,39169.11328125
2022-03-05 12:00:00+00:00,39238.015625
2022-03-05 12:30:00+00:00,39143.58984375
2022-03-05 13:00:00+00:00,39061.62109375
2022-03-05 13:30:00+00:00,39048.08203125
2022-03-05 14:00:00+00:00,39088.234375
2022-03-05 14:30:00+00:00,39161.16015625
2022-03-05 15:00:00+00:00,39113.51953125
2022-03-05 15:30:00+00:00,39189.35546875
2022-03-05 16:00:00+00:00,39237.69921875
2022-03-05 16:30:00+00:00,39396.796875
2022-03-05 17:00:00+00:00,39505.61328125
2022-03-05 17:30:00+00:00,39463.5859375
2022-03-05 18:00:00+00:00,39337.68359375
2022-03-05 18:30:00+00:00,39422.48828125
2022-03-05 19:00:00+00:00,39441.38671875
2022-03-05 19:30:00+00:00,39448.67578125
2022-03-05 20:00:00+00:00,39510.60546875
2022-03-05 20:30:00+00:00,39542.625
2022-03-05 21:00:00+00:00,39540.0546875
2022-03-05 21:30:00+00:00,39440.27734375
2022-03-05 22:00:00+00:00,39377.0859375
2022-03-05 22:30:00+00:00,39474.33203125
2022-03-05 23:00:00+00:00,39382.125
2022-03-05 23:30:00+00:00,39401.1875
2022-03-06 00:00:00+00:00,39495.5703125
2022-03-06 00:30:00+00:00,39576.9609375
2022-03-06 01:00:00+00:00,39605.75390625
2022-03-06 01:30:00+00:00,39467.8984375
2022-03-06 02:00:00+00:00,39476.94921875
2022-03-06 02:30:00+00:00,39521.57421875
2022-03-06 03:00:00+00:00,39463.41796875
2022-03-06 03:30:00+00:00,39386.8046875
2022-03-06 04:00:00+00:00,38998.0234375
2022-03-06 04:30:00+00:00,39507.63671875
2022-03-06 05:00:00+00:00,39518.25390625
2022-03-06 05:30:00+00:00,39529.25
2022-03-06 06:00:00+00:00,39581.96484375
2022-03-06 06:30:00+00:00,39484.65234375
2022-03-06 07:00:00+00:00,39432.86328125
2022-03-06 07:30:00+00:00,39418.36328125
2022-03-06 08:00:00+00:00,39349.9609375
2022-03-06 08:30:00+00:00,39215.546875
2022-03-06 09:00:00+00:00,38964.1953125
2022-03-06 09:30:00+00:00,38829.71875
2022-03-06 10:00:00+00:00,38385.171875
2022-03-06 10:30:00+00:00,38319.953125
2022-03-06 11:00:00+00:00,38211.6484375
2022-03-06 11:30:00+00:00,38371.67578125
2022-03-06 12:00:00+00:00,38476.296875
2022-03-06 12:30:00+00:00,38549.234375
2022-03-06 13:00:00+00:00,38792.51953125
2022-03-06 13:30:00+00:00,38916.78515625
2022-03-06 14:00:00+00:00,38745.7734375
2022-03-06 14:30:00+00:00,38855.72265625
2022-03-06 15:00:00+00:00,38733.10546875
2022-03-06 15:30:00+00:00,38869.33984375
2022-03-06 16:00:00+00:00,39249.8984375
2022-03-06 16:30:00+00:00,39213.2421875
2022-03-06 17:00:00+00:00,39018.4765625
2022-03-06 17:30:00+00:00,39011.484375
2022-03-06 18:00:00+00:00,39088.109375
2022-03-06 18:30:00+00:00,38872.109375
2022-03-06 19:00:00+00:00,38889.80078125
2022-03-06 19:30:00+00:00,38721.82421875
2022-03-06 20:00:00+00:00,38791.45703125
2022-03-06 20:30:00+00:00,38861.1015625
2022-03-06 21:00:00+00:00,39042.16796875
2022-03-06 21:30:00+00:00,39006.5546875
2022-03-06 22:00:00+00:00,39173.01171875
2022-03-06 22:30:00+00:00,39016.60546875
2022-03-06 23:00:00+00:00,38368.15234375
2022-03-06 23:30:00+00:00,38420.94921875
2022-03-07 00:00:00+00:00,38398.4609375
2022-03-07 00:30:00+00:00,38340.140625
2022-03-07 01:00:00+00:00,38475.890625
2022-03-07 01:30:00+00:00,38384.3125
2022-03-07 02:00:00+00:00,38171.55078125
2022-03-07 02:30:00+00:00,37797.94140625
2022-03-07 03:00:00+00:00,37830.33984375
2022-03-07 03:30:00+00:00,37933.234375
2022-03-07 04:00:00+00:00,37933.3125
2022-03-07 04:30:00+00:00,37934.59375
2022-03-07 05:00:00+00:00,38108.94921875
2022-03-07 05:30:00+00:00,38109.51953125
2022-03-07 06:00:00+00:00,38120.828125
2022-03-07 06:30:00+00:00,38179.9375
2022-03-07 07:00:00+00:00,38136.1953125
2022-03-07 07:30:00+00:00,37981.75390625
2022-03-07 08:00:00+00:00,37845.671875
2022-03-07 08:30:00+00:00,38114.5859375
2022-03-07 09:00:00+00:00,38283.74609375
2022-03-07 09:30:00+00:00,38190.48828125
2022-03-07 10:00:00+00:00,38239.5078125
2022-03-07 10:30:00+00:00,38187.9375
2022-03-07 11:00:00+00:00,38246.734375
2022-03-07 11:30:00+00:00,38356.453125
2022-03-07 12:00:00+00:00,38663.2265625
2022-03-07 12:30:00+00:00,38667.9296875
2022-03-07 13:00:00+00:00,38685.0625
2022-03-07 13:30:00+00:00,39029.85546875
2022-03-07 14:00:00+00:00,39185.4375
2022-03-07 14:30:00+00:00,38970.94921875
2022-03-07 15:00:00+00:00,38785.53515625
2022-03-07 15:30:00+00:00,39042.828125
2022-03-07 16:00:00+00:00,39394.8125
2022-03-07 16:30:00+00:00,38871.68359375
2022-03-07 17:00:00+00:00,38738.0703125
2022-03-07 17:30:00+00:00,38798.75
2022-03-07 18:00:00+00:00,38059.42578125
2022-03-07 18:30:00+00:00,38035.73828125
2022-03-07 19:00:00+00:00,37890.14453125
2022-03-07 19:30:00+00:00,37351.30078125
2022-03-07 20:00:00+00:00,37656.078125
2022-03-07 20:30:00+00:00,37592.2109375
2022-03-07 21:00:00+00:00,37863.9765625
2022-03-07 21:30:00+00:00,37919.30078125
2022-03-07 22:00:00+00:00,38172.44921875
2022-03-07 22:30:00+00:00,38160.0
2022-03-07 23:00:00+00:00,38197.5078125
2022-03-07 23:30:00+00:00,38060.69921875
2022-03-08 00:00:00+00:00,38232.95703125
2022-03-08 00:30:00+00:00,38266.10546875
2022-03-08 01:00:00+00:00,38404.26953125
2022-03-08 01:30:00+00:00,38402.375
2022-03-08 02:00:00+00:00,38360.65234375
2022-03-08 02:30:00+00:00,38674.26171875
2022-03-08 03:00:00+00:00,38640.109375
2022-03-08 03:30:00+00:00,38667.92578125
2022-03-08 04:00:00+00:00,38660.1640625
2022-03-08 04:30:00+00:00,38543.03125
2022-03-08 05:00:00+00:00,38413.0546875
2022-03-08 05:30:00+00:00,38396.234375
2022-03-08 06:00:00+00:00,38181.89453125
2022-03-08 06:30:00+00:00,38243.11328125
2022-03-08 07:00:00+00:00,38299.125
2022-03-08 07:30:00+00:00,38533.87890625
2022-03-08 08:00:00+00:00,38720.90625
2022-03-08 08:30:00+00:00,38777.4921875
2022-03-08 09:00:00+00:00,38890.46484375
2022-03-08 09:30:00+00:00,38942.12890625
2022-03-08 10:00:00+00:00,38823.69921875
2022-03-08 10:30:00+00:00,38983.015625
2022-03-08 11:00:00+00:00,38930.57421875
2022-03-08 11:30:00+00:00,38992.1796875
2022-03-08 12:00:00+00:00,38895.58984375
2022-03-08 12:30:00+00:00,38759.50390625
2022-03-08 13:00:00+00:00,38810.29296875
2022-03-08 13:30:00+00:00,38892.82421875
2022-03-08 14:00:00+00:00,38773.1640625
2022-03-08 14:30:00+00:00,38776.57421875
2022-03-08 15:00:00+00:00,38717.01953125
2022-03-08 15:30:00+00:00,38605.31640625
2022-03-08 16:00:00+00:00,38384.68359375
2022-03-08 16:30:00+00:00,38404.87109375
2022-03-08 17:00:00+00:00,38800.8203125
2022-03-08 17:30:00+00:00,39030.9921875
2022-03-08 18:00:00+00:00,39056.6015625
2022-03-08 18:30:00+00:00,38746.9765625
2022-03-08 19:00:00+00:00,38679.90625
2022-03-08 19:30:00+00:00,38761.32421875
2022-03-08 20:00:00+00:00,38692.84765625
2022-03-08 20:30:00+00:00,38495.453125
2022-03-08 21:00:00+00:00,38553.7578125
2022-03-08 21:30:00+00:00,38500.76953125
2022-03-08 22:00:00+00:00,38614.2890625
2022-03-08 22:30:00+00:00,38594.34375
2022-03-08 23:00:00+00:00,38695.04296875
2022-03-08 23:30:00+00:00,38734.5078125
2022-03-09 00:00:00+00:00,38809.96875
2022-03-09 00:30:00+00:00,38953.203125
2022-03-09 01:00:00+00:00,38992.01953125
2022-03-09 01:30:00+00:00,39167.2578125
2022-03-09 02:00:00+00:00,39319.91015625
2022-03-09 02:30:00+00:00,39412.69921875
2022-03-09 03:00:00+00:00,40134.34375
2022-03-09 03:30:00+00:00,41229.26171875
2022-03-09 04:00:00+00:00,41606.05859375
2022-03-09 04:30:00+00:00,41578.71484375
2022-03-09 05:00:00+00:00,41488.60546875
2022-03-09 05:30:00+00:00,41404.83984375
2022-03-09 06:00:00+00:00,41460.765625
2022-03-09 06:30:00+00:00,41600.953125
2022-03-09 07:00:00+00:00,41701.77734375
2022-03-09 07:30:00+00:00,41683.90625
